ip,name,location,available
129.215.2.1,coldstream,,
129.215.2.2,bewilderment,,
129.215.2.3,amritraj,606,
129.215.2.4,ashe,,
129.215.2.5,becker,,
129.215.2.6,cilic,,
129.215.2.7,connors,,
129.215.2.8,courier,,
129.215.2.9,delpotro,606,
129.215.2.10,edberg,,
129.215.2.11,ferrer,,
129.215.2.12,henman,,
129.215.2.13,ivanisevic,,
129.215.2.14,leconte,,
129.215.2.15,lendl,,
129.215.2.16,lloyd,,
129.215.2.17,mcenroe,,
129.215.2.18,mcnamara,,
129.215.2.19,mcnamee,,
129.215.2.20,monfils,,
129.215.2.21,mottram,,
129.215.2.22,nadal,,
129.215.2.23,nastase,,
129.215.2.24,newcombe,,
129.215.2.25,raonic,,
129.215.2.26,roddick,,
129.215.2.27,rudedski,,
129.215.2.28,sampras,,
129.215.2.29,stepanek,,
129.215.2.30,tanner,,
129.215.2.31,vilas,606,
129.215.2.32,wawrinka,,
129.215.2.33,wilander,,
129.215.2.34,bondarenko,606,
129.215.2.35,capriati,,
129.215.2.36,casals,,
129.215.2.37,croft,,
129.215.2.38,davenport,,
129.215.2.39,durie,,
129.215.2.40,evert,,
129.215.2.41,goolagong,,
129.215.2.42,bartek,,
129.215.2.43,kournikova,,
129.215.2.44,mauresmo,,
129.215.2.45,navratilova,,
129.215.2.46,novotna,,
129.215.2.47,pierce,,
129.215.2.48,seles,,
129.215.2.49,sharapova,,
129.215.2.50,shriver,,
129.215.2.51,stove,,
129.215.2.52,wade,,
129.215.2.53,djokovic,,
129.215.2.54,hewitt,,
129.215.2.55,jingxi,,
129.215.2.56,sipsmith,,
129.215.2.57,adorni,606,
129.215.2.58,aimar,606,
129.215.2.59,altig,606,
129.215.2.60,anquetil,606,
129.215.2.61,haymans,,
129.215.2.62,caorunn,,
129.215.2.63,tanqueray,,
129.215.2.64,hendricks,,
129.215.2.65,beefeater,,
129.215.2.66,bloom,,
129.215.2.67,martinmillers,,
129.215.2.68,falconara,,
129.215.2.69,armstrong,606,
129.215.2.70,cutlers,,
129.215.2.71,herbie,,
129.215.2.72,parlour,,
129.215.2.73,bahamontes,606,
129.215.2.74,baldini,606,
129.215.2.75,balmamion,606,
129.215.2.76,bartali,606,
129.215.2.77,opihr,,
129.215.2.78,schiedam,,
129.215.2.79,dalry,,
129.215.2.80,agrigento,,
129.215.2.81,altino,505,
129.215.2.82,assisi,505,
129.215.2.83,barletta,,
129.215.2.84,belluno,505,
129.215.2.85,bolzano,505,
129.215.2.86,brindisi,,
129.215.2.87,ischia,,
129.215.2.88,murano,,
129.215.2.89,pescara,,
129.215.2.90,racconigi,,
129.215.2.91,varese,,
129.215.2.92,fuente,606,
129.215.2.93,basso,606,
129.215.2.94,battaglin,606,
129.215.2.95,belloni,606,
129.215.2.96,bergamaschi,606,
129.215.2.97,berrendero,606,
129.215.2.98,concordia,,
129.215.2.99,bertoglio,606,
129.215.2.100,berzin,606,
129.215.2.101,binda,606,
129.215.2.102,bobet,606,
129.215.2.103,firenze,,
129.215.2.104,flookburgh,,
129.215.2.105,bottechia,606,
129.215.2.106,grohl,505,
129.215.2.107,haltwhistle,,
129.215.2.108,bracke,606,
129.215.2.109,haverigg,,
129.215.2.110,hawkins,,
129.215.2.111,hexham,,
129.215.2.112,kendal,,
129.215.2.113,brunero,606,
129.215.2.114,bugno,606,
129.215.2.115,buysse,606,
129.215.2.116,calzolari,606,
129.215.2.117,camusso,606,
129.215.2.118,shiflett,,
129.215.2.119,smear,,
129.215.2.120,caritoux,606,
129.215.2.121,casero,606,
129.215.2.122,chioccioli,606,
129.215.2.123,clerici,606,
129.215.2.124,vuicho,,
129.215.2.125,brescia,,
129.215.2.126,aspatria,,
129.215.2.127,cagliari,,
129.215.2.128,catania,,
129.215.2.129,cesena,,
129.215.2.130,chieri,,
129.215.2.131,como,,
129.215.2.132,cremona,,
129.215.2.133,graf,,
129.215.2.134,edmonton,,
129.215.2.135,ingleton,,
129.215.2.136,leyburn,,
129.215.2.137,maryport,,
129.215.2.138,paeroa,,
129.215.2.139,sedbergh,,
129.215.2.140,tatko,,
129.215.2.141,tortona,,
129.215.2.142,winnipeg,,
129.215.2.143,yellowknife,,
129.215.2.144,allanton,,
129.215.2.145,barrow,,
129.215.2.146,bowness,,
129.215.2.147,brigham,,
129.215.2.148,coniston,,
129.215.2.149,hawk,,
129.215.2.150,hazlerigg,,
129.215.2.151,hawkshead,,
129.215.2.152,lesbury,,
129.215.2.153,norham,,
129.215.2.154,rothbury,,
129.215.2.155,lindale,,
129.215.2.156,ulverston,,
129.215.2.157,windermere,,
129.215.2.158,belford,,
129.215.2.159,ashington,,
129.215.2.160,belsay,,
129.215.2.161,chatton,,
129.215.2.162,alnmouth,,
129.215.2.163,eshott,,
129.215.2.164,seagull,,
129.215.2.165,owl,,
129.215.2.166,brampton,,
129.215.2.167,amble,,
129.215.2.168,cobi,606,
129.215.2.169,contador,606,
129.215.2.170,coppi,606,
129.215.2.171,breadnel,,
129.215.2.172,capri,,
129.215.2.173,doddington,,
129.215.2.174,felton,,
129.215.2.175,fermo,505,
129.215.2.176,fiesole,,
129.215.2.177,cornet,606,
129.215.2.178,glanton,,
129.215.2.179,cunego,606,
129.215.2.180,hadston,,
129.215.2.181,defraye,606,
129.215.2.182,hepscott,,
129.215.2.183,utrecht,,
129.215.2.184,deloor,606,
129.215.2.185,calluna,,
129.215.2.186,lapize,,
129.215.2.187,longhirsk,,
129.215.2.188,longhorsley,,
129.215.2.189,mitford,,
129.215.2.190,demulder,606,
129.215.2.191,demuynck,606,
129.215.2.192,pegswood,,
129.215.2.193,dewaele,606,
129.215.2.194,diluca,606,
129.215.2.195,dotto,606,
129.215.2.196,rothley,,
129.215.2.197,dumoulin,606,
129.215.2.198,enrici,606,
129.215.2.199,evans,606,
129.215.2.200,faber,606,
129.215.2.201,fignon,606,
129.215.2.202,warkworth,,
129.215.2.203,wooler,,
129.215.2.204,frantz,606,
129.215.2.205,froome,606,
129.215.2.206,buttermere,,
129.215.2.207,allendale,,
129.215.2.208,backbarrow,,
129.215.2.209,ambleside,,
129.215.2.210,caldbeck,,
129.215.2.211,camperdown,,
129.215.2.212,dinnington,,
129.215.2.213,duddo,,
129.215.2.214,genoa,,
129.215.2.215,powburn,,
129.215.2.216,salterbeck,,
129.215.2.217,scafell,,
129.215.2.218,seaton,,
129.215.2.219,shibottle,,
129.215.2.220,teramo,,
129.215.2.221,thropton,,
129.215.2.222,whinlatter,,
129.215.2.223,cleopatra,,
129.215.2.224,abbas,,
129.215.2.225,adele,,
129.215.2.226,andre,,
129.215.2.227,baycliff,,
129.215.2.228,chagny,,
129.215.2.229,chand,,
129.215.2.230,charlesworth,,
129.215.2.231,clifton,,
129.215.2.232,cockermouth,,
129.215.2.233,colton,,
129.215.2.234,donners,,
129.215.2.235,dwyer,,
129.215.2.236,venskab,606,
129.215.2.237,lape,606,
129.215.2.239,gogo,,
129.215.2.240,goose,,
129.215.2.241,grantaire,,
129.215.2.242,hawkes,,
129.215.2.243,hinch,,
129.215.2.244,kavanagh,,
129.215.2.245,kruize,,
129.215.2.246,marton,,
129.215.2.247,napoli,,
129.215.2.248,nooijer,,
129.215.2.249,piangi,,
129.215.2.250,pillay,,
129.215.2.251,pinkerton,,
129.215.2.252,prouvaire,,
129.215.2.253,sardar,,
129.215.3.1,volterra,,
129.215.3.2,brogdon,,
129.215.3.3,danson,,
129.215.3.4,dixon,,
129.215.3.5,ercolano,,
129.215.3.6,federer,,
129.215.3.7,frasquita,,
129.215.3.8,gasquet,,
129.215.3.9,hester,,
129.215.3.10,hingis,,
129.215.3.11,jackson,,
129.215.3.12,jaffee,,
129.215.3.13,maguire,,
129.215.3.14,mantell,,
129.215.3.15,mendel,,
129.215.3.16,middleton,,
129.215.3.17,modena,,
129.215.3.18,muguruza,,
129.215.3.19,pesaro,,
129.215.3.20,pisa,,
129.215.3.21,portnell,,
129.215.3.22,richardson,,
129.215.3.23,tecau,,
129.215.3.24,treviso,,
129.215.3.26,twigg,,
129.215.3.27,ullswater,,
129.215.3.28,walton,,
129.215.3.29,white,,
129.215.3.30,catlin,,
129.215.3.31,pontremoli,,
129.215.3.32,lodi,,
129.215.3.33,avellino,,
129.215.3.34,vicenza,,
129.215.3.35,savona,,
129.215.3.36,scarecrow,,
129.215.3.37,dove,,
129.215.3.38,ravenna,,
129.215.3.39,palestrina,,
129.215.3.40,pollenzo,505,
129.215.3.42,luni,,
129.215.3.43,palermo,,
129.215.3.44,allonby,,
129.215.3.45,ostiglia,,
129.215.3.46,seascale,,
129.215.3.47,lowick,,
129.215.3.48,swanland,,
129.215.3.49,twite,,
129.215.3.50,wideopen,,
129.215.3.51,tivoli,,
129.215.3.52,ascoli,,
129.215.3.53,vervcelli,,
129.215.3.54,mantua,,
129.215.3.55,marsala,,
129.215.3.56,lavello,505,
129.215.3.59,raven,,
129.215.3.60,falcon,,
129.215.3.61,wigton,,
129.215.3.62,parrot,,
129.215.3.63,paicines,,
129.215.3.64,pavia,,
129.215.3.65,trento,,
129.215.3.66,venosa,,
129.215.3.67,stork,,
129.215.3.68,albenga,,
129.215.3.69,ireby,,
129.215.3.70,gosforth,,
129.215.3.71,enna,505,
129.215.3.72,amelia,505,
129.215.3.73,spoleto,,
129.215.3.74,sparrow,,
129.215.3.75,messina,,
129.215.3.76,parma,,
129.215.3.77,rieti,,
129.215.3.78,pipit,,
129.215.3.79,crow,,
129.215.3.80,velletri,,
129.215.3.81,penguin,,
129.215.3.82,grasmere,,
129.215.3.83,gabica,606,
129.215.3.84,matamata,,
129.215.3.85,waiuku,,
129.215.3.86,elis,,
129.215.3.87,ardnave,,
129.215.3.88,cypress,,
129.215.3.89,eriboll,,
129.215.3.90,fowler,,
129.215.3.91,gedda,,
129.215.3.92,halifax,,
129.215.3.93,kerikeri,,
129.215.3.94,lanza,,
129.215.3.95,maine,,
129.215.3.96,marahau,,
129.215.3.97,mcfadden,,
129.215.3.98,melchior,,
129.215.3.99,omarama,,
129.215.3.100,paoli,,
129.215.3.101,pavarotti,,
129.215.3.102,penman,,
129.215.3.103,rocklin,,
129.215.3.104,rosvaenge,,
129.215.3.105,struan,,
129.215.3.106,xanthe,,
129.215.3.107,circlevm11,,
129.215.3.108,papamoa,,
129.215.3.109,holywood,,
129.215.3.110,batabano,,
129.215.3.111,tolo,505,
129.215.3.112,langholm,,
129.215.3.113,morgenstern,505,
129.215.3.114,ahonen,505,
129.215.3.115,hautamaki,505,
129.215.3.116,prevc,505,
129.215.3.117,ammann,505,
129.215.3.118,peterka,505,
129.215.3.119,kranjec,505,
129.215.3.120,kasai,505,
129.215.3.121,kofler,505,
129.215.3.122,okabe,505,
129.215.3.123,loitzl,505,
129.215.3.124,bardal,505,
129.215.3.125,hilde,505,
129.215.3.126,malysz,505,
129.215.3.127,jacobsen,,
129.215.3.128,evenson,,
129.215.3.129,kuttel,,
129.215.3.130,romoren,,
129.215.3.131,koch,,
129.215.3.132,janda,,
129.215.3.133,schmitt,,
129.215.3.134,petterson,,
129.215.3.135,neumayer,,
129.215.3.136,uhrmann,,
129.215.3.137,koudelka,,
129.215.3.138,hlava,,
129.215.3.139,goldberger,505,
129.215.3.140,watase,505,
129.215.3.141,lindstrom,505,
129.215.3.142,colloredo,505,
129.215.3.143,vassiliev,505,
129.215.3.144,olli,505,
129.215.3.145,matura,505,
129.215.3.146,stoch,505,
129.215.3.147,kornilov,505,
129.215.3.148,hula,505,
129.215.3.149,fettner,505,
129.215.3.150,freund,505,
129.215.3.151,defago,505,
129.215.3.152,ryding,505,
129.215.3.153,killy,,
129.215.3.154,cuche,505,
129.215.3.155,kjus,505,
129.215.3.156,klammer,505,
129.215.3.157,dorfmeister,505,
129.215.3.158,vonn,505,
129.215.3.159,kostelic,505,
129.215.3.160,hirsher,505,
129.215.3.161,ligety,505,
129.215.3.162,stolz,505,
129.215.3.163,mattel,505,
129.215.3.164,vogt,505,
129.215.3.165,airabonita,508,
129.215.3.166,banshee,508,
129.215.3.167,bearcat,508,
129.215.3.168,bellanca,508,
129.215.3.169,brewster,508,
129.215.3.170,buckeye,508,
129.215.3.171,canso,508,
129.215.3.172,cougar,508,
129.215.3.173,crusader,508,
129.215.3.174,cutlass,508,
129.215.3.175,darkshark,508,
129.215.3.176,duck,508,
129.215.3.177,greyhound,508,
129.215.3.178,guardian,508,
129.215.3.179,harpoon,508,
129.215.3.180,hawkeye,508,
129.215.3.181,hellcat,508,
129.215.3.182,helldiver,508,
129.215.3.183,intruder,508,
129.215.3.184,kaydet,508,
129.215.3.185,kingbird,504,
129.215.3.186,privateer,504,
129.215.3.187,mariner,504,
129.215.3.188,marlin,504,
129.215.3.189,mercator,504,
129.215.3.190,norseman,504,
129.215.3.191,prowler,504,
129.215.3.192,samaritan,504,
129.215.3.193,saracen,504,
129.215.3.194,seadart,504,
129.215.3.195,seamaster,504,
129.215.3.196,skyhawk,504,
129.215.3.197,skyknight,504,
129.215.3.198,skyraider,504,
129.215.3.199,skyray,504,
129.215.3.200,skywarrior,504,
129.215.3.201,sparrowhawk,504,
129.215.3.202,stinson,504,
129.215.3.203,tarpon,504,
129.215.3.204,texan,504,
129.215.3.205,tigercat,504,
129.215.3.206,tomcat,504,
129.215.3.207,tracer,504,
129.215.3.208,trader,504,
129.215.3.209,tradewind,504,
129.215.3.210,vigilante,504,
129.215.3.211,vindicator,504,
129.215.3.212,stearman,504,
129.215.3.213,galetti,606,
129.215.3.214,ganna,606,
129.215.3.215,garin,606,
129.215.3.216,garrigou,606,
129.215.3.217,garzelli,606,
129.215.3.218,gaul,606,
129.215.3.219,gimondi,606,
129.215.3.220,giovannetti,606,
129.215.3.221,girardengo,606,
129.215.3.222,gonzalez,606,
129.215.3.223,gotti,606,
129.215.3.224,guerra,606,
129.215.3.225,hampsten,606,
129.215.3.226,heras,606,
129.215.3.227,herrera,606,
129.215.3.228,hesjedal,606,
129.215.3.229,hinault,606,
129.215.3.230,horner,606,
129.215.3.231,indurain,606,
129.215.3.232,jalabert,606,
129.215.3.233,janssen,606,
129.215.3.234,kelly,,
129.215.3.235,koblet,,
129.215.3.236,kubler,,
129.215.3.237,lambot,,
129.215.3.238,langarica,,
129.215.3.239,lapebie,,
129.215.3.244,pappano,,
129.215.3.245,runnicles,,
129.215.3.246,gatti,,
